packet_count,total_bytes,avg_packet_size,std_packet_size,min_packet_size,max_packet_size,window_duration,avg_inter_arrival,std_inter_arrival,tcp_ratio,udp_ratio,unique_src_ports,unique_dst_ports,bytes_per_second,packets_per_second,burst_ratio,label,file_source,window_id
64,0,0.0,0.0,0,0,2.906646966934204,0.04613725344340006,0.09948223647381328,1.0,0.0,8,8,0.0,22.018497852700776,0.873015873015873,1,reels_01,0
8,0,0.0,0.0,0,0,2.4966259002685547,0.3566608428955078,0.39345279102923997,1.0,0.0,6,6,0.0,3.20432468442287,0.42857142857142855,1,reels_01,1
25,0,0.0,0.0,0,0,2.1544129848480225,0.08976720770200093,0.15217633877829181,1.0,0.0,8,8,0.0,11.604088991212407,0.75,1,reels_01,2
73,0,0.0,0.0,0,0,2.6049599647521973,0.03617999951044718,0.08219080990055577,1.0,0.0,12,12,0.0,28.023463311438757,0.9027777777777778,1,reels_01,3
83,0,0.0,0.0,0,0,2.9126200675964355,0.03551975692190775,0.07300693328290939,1.0,0.0,6,6,0.0,28.496679303762953,0.8658536585365854,1,reels_01,4
34,0,0.0,0.0,0,0,2.056936025619507,0.06233139471574263,0.16245803905129028,1.0,0.0,5,5,0.0,16.52943969891329,0.8484848484848485,1,reels_01,5
393,0,0.0,0.0,0,0,2.936901807785034,0.00749209644843121,0.041623079590742754,1.0,0.0,9,9,0.0,133.8144840110928,0.9872448979591837,1,reels_01,6
28,0,0.0,0.0,0,0,2.8929688930511475,0.1071469960389314,0.2691003571412356,1.0,0.0,4,4,0.0,9.678638462810794,0.8148148148148148,1,reels_01,7
33,0,0.0,0.0,0,0,2.857358932495117,0.08929246664047241,0.21884712478599697,1.0,0.0,6,6,0.0,11.549126581441966,0.84375,1,reels_01,8
42,0,0.0,0.0,0,0,2.7027230262756348,0.06592007381160085,0.17912648266673883,1.0,0.0,4,4,0.0,15.539883144399077,0.8536585365853658,1,reels_01,9
1143,0,0.0,0.0,0,0,2.923877000808716,0.0025603126101652503,0.015880546813805293,1.0,0.0,5,4,0.0,390.91931694933044,0.9938704028021016,1,reels_01,10
143,0,0.0,0.0,0,0,2.9830539226531982,0.02100742199051548,0.038453746026712164,1.0,0.0,12,12,0.0,47.937450581789165,0.9507042253521126,1,reels_01,11
162,0,0.0,0.0,0,0,2.971045970916748,0.01845370168271272,0.031978195847633416,1.0,0.0,8,7,0.0,54.52625155780177,0.9192546583850931,1,reels_01,12
162,0,0.0,0.0,0,0,2.974487066268921,0.018475074945769696,0.03277489237923227,1.0,0.0,10,10,0.0,54.46317176399977,0.9192546583850931,1,reels_01,13
57,0,0.0,0.0,0,0,2.7184159755706787,0.048543142420904975,0.12099050018988389,1.0,0.0,10,10,0.0,20.968093372109454,0.875,1,reels_01,14
55,0,0.0,0.0,0,0,2.095107078552246,0.038798279232449,0.08057111559771228,1.0,0.0,8,8,0.0,26.251641533284264,0.8518518518518519,1,reels_01,15
94,0,0.0,0.0,0,0,2.96492600440979,0.03188092477859989,0.07066255711030142,1.0,0.0,11,11,0.0,31.703995263352958,0.9247311827956989,1,reels_01,16
58,0,0.0,0.0,0,0,2.898236036300659,0.05084624625088876,0.25023329686631407,1.0,0.0,3,3,0.0,20.01217267108163,0.9298245614035088,1,reels_01,17
1409,0,0.0,0.0,0,0,2.6415910720825195,0.0018761300227858803,0.0155066338500491,1.0,0.0,4,4,0.0,533.3906579602435,0.9971590909090909,1,reels_01,18
90,0,0.0,0.0,0,0,2.9238779544830322,0.03285256128632621,0.09751737281374687,1.0,0.0,5,5,0.0,30.78103853890605,0.9101123595505618,1,reels_01,19
77,0,0.0,0.0,0,0,2.999922037124634,0.03947265838321887,0.10209715531042235,1.0,0.0,6,6,0.0,25.66733369971274,0.868421052631579,1,reels_01,20
93,0,0.0,0.0,0,0,2.8733880519866943,0.03123247882594233,0.057806621654688195,1.0,0.0,5,5,0.0,32.36597296202255,0.8913043478260869,1,reels_01,21
111,0,0.0,0.0,0,0,2.850316047668457,0.025911964069713245,0.10769884146619242,1.0,0.0,7,7,0.0,38.9430498736438,0.9363636363636364,1,reels_01,22
1155,0,0.0,0.0,0,0,2.9076271057128906,0.0025196075439453125,0.018692615141348557,1.0,0.0,9,9,0.0,397.2311297176526,0.9974003466204506,1,reels_01,23
97,0,0.0,0.0,0,0,2.935328960418701,0.030576343337694805,0.05376857511434498,1.0,0.0,3,3,0.0,33.04569992256123,0.8854166666666666,1,reels_01,24
228,0,0.0,0.0,0,0,2.916512966156006,0.012848074740775357,0.035608160238689145,1.0,0.0,5,5,0.0,78.17554821314796,0.9647577092511013,1,reels_01,25
238,0,0.0,0.0,0,0,2.9987831115722656,0.012653093297773272,0.07249186365985143,1.0,0.0,8,8,0.0,79.36552633018408,0.9746835443037974,1,reels_01,26
1153,0,0.0,0.0,0,0,2.931995153427124,0.0025451346817943784,0.030301666594809706,1.0,0.0,8,7,0.0,393.24758045806857,0.9965277777777778,1,reels_01,27
110,0,0.0,0.0,0,0,2.9986989498138428,0.027510999539576537,0.05139334942655652,1.0,0.0,9,9,0.0,36.68257529047013,0.908256880733945,1,reels_01,28
95,0,0.0,0.0,0,0,2.900421142578125,0.03085554406998005,0.0749049113992874,1.0,0.0,5,5,0.0,32.75386412180006,0.9042553191489362,1,reels_01,29
62,0,0.0,0.0,0,0,1.8885040283203125,0.030959082431480534,0.06869499973880241,1.0,0.0,4,4,0.0,32.83021855936654,0.9016393442622951,1,reels_01,30
1673,0,0.0,0.0,0,0,2.9578959941864014,0.0017690765515468907,0.01690471516281829,1.0,0.0,5,5,0.0,565.6047417786829,0.9976076555023924,1,reels_01,31
68,0,0.0,0.0,0,0,2.9521310329437256,0.04406165720811531,0.12318197801320734,1.0,0.0,4,4,0.0,23.03420791325567,0.8955223880597015,1,reels_01,32
99,0,0.0,0.0,0,0,2.891433000564575,0.02950441837310791,0.051992907904953214,1.0,0.0,4,4,0.0,34.23907798682158,0.8877551020408163,1,reels_01,33
157,0,0.0,0.0,0,0,2.9737119674682617,0.019062256201719627,0.04998967290541156,1.0,0.0,9,8,0.0,52.79596736924914,0.9358974358974359,1,reels_01,34
131,0,0.0,0.0,0,0,2.9586801528930664,0.022759078099177432,0.05539604918294266,1.0,0.0,6,6,0.0,44.27649939514589,0.9384615384615385,1,reels_01,35
1759,0,0.0,0.0,0,0,2.996735095977783,0.00170462747211478,0.013814908604992815,1.0,0.0,7,7,0.0,586.9721358958051,0.9965870307167235,1,reels_01,36
105,0,0.0,0.0,0,0,2.941840171813965,0.02828692472898043,0.051614904890439336,1.0,0.0,4,4,0.0,35.6919458120174,0.8942307692307693,1,reels_01,37
99,0,0.0,0.0,0,0,2.7748680114746094,0.028314979708924586,0.06168385284469425,1.0,0.0,5,5,0.0,35.67737261398239,0.9081632653061225,1,reels_01,38
110,0,0.0,0.0,0,0,2.103848934173584,0.01930136636856499,0.044314289811605526,1.0,0.0,4,4,0.0,52.28512285898002,0.9174311926605505,1,reels_01,39
1583,0,0.0,0.0,0,0,2.917717933654785,0.0018443223348007492,0.016063302809160292,1.0,0.0,5,5,0.0,542.5473044329224,0.9968394437420987,1,reels_01,40
85,0,0.0,0.0,0,0,2.9133780002593994,0.034683071431659517,0.08300892091587521,1.0,0.0,7,7,0.0,29.17575405334695,0.9285714285714286,1,reels_01,41
21,0,0.0,0.0,0,0,2.7843282222747803,0.139216411113739,0.3100732081970193,1.0,0.0,6,6,0.0,7.542214251897041,0.8,1,reels_01,42
94,0,0.0,0.0,0,0,2.906696081161499,0.03125479657162902,0.07488287765552473,1.0,0.0,10,10,0.0,32.3391222801794,0.9139784946236559,1,reels_01,43
148,0,0.0,0.0,0,0,2.483564853668213,0.016894999004545667,0.08262683862489811,1.0,0.0,6,6,0.0,59.59175971644338,0.9591836734693877,1,reels_01,44
45,0,0.0,0.0,0,0,2.672002077102661,0.06072731993415139,0.1694679602529431,1.0,0.0,5,5,0.0,16.841304273533712,0.8863636363636364,1,reels_01,45
91,0,0.0,0.0,0,0,2.959425926208496,0.032882510291205515,0.09225409987031409,1.0,0.0,4,4,0.0,30.749206862759948,0.9,1,reels_01,46
71,0,0.0,0.0,0,0,2.105639934539795,0.03008057049342564,0.07365312776970409,1.0,0.0,4,4,0.0,33.71896535364563,0.9142857142857143,1,reels_01,47
3614,0,0.0,0.0,0,0,2.9999160766601562,0.0008303116735843222,0.008406857359488084,1.0,0.0,23,17,0.0,1204.7003674927837,0.9991696650982563,1,reels_01,48
971,0,0.0,0.0,0,0,2.8339781761169434,0.0029216269856875703,0.023991707564660958,1.0,0.0,18,19,0.0,342.62790313030695,0.9927835051546392,1,reels_01,49
113,0,0.0,0.0,0,0,2.983694076538086,0.026640125683375766,0.11397190413771058,1.0,0.0,8,8,0.0,37.87251544605786,0.9375,1,reels_01,50
44,0,0.0,0.0,0,0,2.9417688846588135,0.06841322987578637,0.23401964997664446,1.0,0.0,6,5,0.0,14.956987351881358,0.8837209302325582,1,reels_01,51
67,0,0.0,0.0,0,0,2.9986319541931152,0.045433817487774475,0.21554021565017673,1.0,0.0,8,8,0.0,22.343522320673944,0.9393939393939394,1,reels_01,52
63,0,0.0,0.0,0,0,2.952617883682251,0.04762286909164921,0.21657134779907602,1.0,0.0,7,7,0.0,21.33699736365202,0.9516129032258065,1,reels_01,53
95,0,0.0,0.0,0,0,2.8591508865356445,0.03041649879293239,0.06159365494562833,1.0,0.0,8,7,0.0,33.22664796998836,0.8723404255319149,1,reels_01,54
143,0,0.0,0.0,0,0,2.9733991622924805,0.020939430720369582,0.043442176427091105,1.0,0.0,11,11,0.0,48.093105632594416,0.9436619718309859,1,reels_01,55
1219,0,0.0,0.0,0,0,2.992968797683716,0.0024572814430900785,0.03718821157788373,1.0,0.0,9,9,0.0,407.28790789379246,0.9958949096880131,1,reels_01,56
147,0,0.0,0.0,0,0,2.990438938140869,0.020482458480416913,0.05940922035490635,1.0,0.0,11,11,0.0,49.156663299531765,0.9383561643835616,1,reels_01,57
109,0,0.0,0.0,0,0,2.8711888790130615,0.026585082213083904,0.06087278948090942,1.0,0.0,9,9,0.0,37.963367996001544,0.9166666666666666,1,reels_01,58
53,0,0.0,0.0,0,0,2.962415933609009,0.05696953718478863,0.14572133749424135,1.0,0.0,4,4,0.0,17.89080304312026,0.8653846153846154,1,reels_01,59
77,0,0.0,0.0,0,0,2.4193100929260254,0.031833027538500334,0.07312910843784921,1.0,0.0,7,7,0.0,31.82725530933186,0.8947368421052632,1,reels_01,60
1264,0,0.0,0.0,0,0,2.989449977874756,0.002366943767121739,0.017416178315256072,1.0,0.0,9,9,0.0,422.8202543461176,0.995249406175772,1,reels_01,61
66,0,0.0,0.0,0,0,2.9733781814575195,0.04574427971473107,0.13167043510458556,1.0,0.0,5,5,0.0,22.196974610087263,0.8461538461538461,1,reels_01,62
190,0,0.0,0.0,0,0,2.4830291271209717,0.01313772024931731,0.04347967033565378,1.0,0.0,7,7,0.0,76.51944068022337,0.9629629629629629,1,reels_01,63
64,0,0.0,0.0,0,0,2.99686598777771,0.04756930139329699,0.16572255947519204,1.0,0.0,6,6,0.0,21.355642948672,0.9206349206349206,1,reels_01,64
84,0,0.0,0.0,0,0,2.9878411293029785,0.03599808589521661,0.1277582589338349,1.0,0.0,5,5,0.0,28.113944605748173,0.9156626506024096,1,reels_01,65
101,0,0.0,0.0,0,0,1.4979908466339111,0.014979908466339112,0.07276097720700804,1.0,0.0,5,5,0.0,67.42364295947067,0.96,1,reels_01,66
73,0,0.0,0.0,0,0,2.954967975616455,0.04104122188356188,0.1277276219361807,1.0,0.0,5,5,0.0,24.70415943670963,0.8888888888888888,1,reels_01,67
39,0,0.0,0.0,0,0,2.0373079776763916,0.053613367833589255,0.1935644341964891,1.0,0.0,4,4,0.0,19.142908400368913,0.9210526315789473,1,reels_01,68
1397,0,0.0,0.0,0,0,2.8762929439544678,0.0020603817650103637,0.020104007988515426,1.0,0.0,6,6,0.0,485.69461707170075,0.9978510028653295,1,reels_01,69
38,0,0.0,0.0,0,0,2.9735159873962402,0.08036529695665515,0.34338052287690257,1.0,0.0,4,4,0.0,12.779484005154016,0.918918918918919,1,reels_01,70
61,0,0.0,0.0,0,0,2.814708948135376,0.046911815802256264,0.09793909209888055,1.0,0.0,7,7,0.0,21.671867722028555,0.85,1,reels_01,71
18,0,0.0,0.0,0,0,2.830127000808716,0.16647805887110093,0.5177725760979955,1.0,0.0,3,3,0.0,6.360138606803319,0.8235294117647058,1,reels_01,72
65,0,0.0,0.0,0,0,2.9988958835601807,0.04685774818062782,0.16032834396320977,1.0,0.0,4,4,0.0,21.674643776840412,0.9375,1,reels_01,73
99,0,0.0,0.0,0,0,2.792750835418701,0.02849745750427246,0.11345858306589122,1.0,0.0,6,6,0.0,35.4489196617347,0.9387755102040817,1,reels_01,74
1183,0,0.0,0.0,0,0,2.9762120246887207,0.002517945875371168,0.021687438708961757,1.0,0.0,9,9,0.0,397.4851220902949,0.9966159052453468,1,reels_01,75
102,0,0.0,0.0,0,0,2.873333215713501,0.028448843719935654,0.062322002312236384,1.0,0.0,5,5,0.0,35.49884136033681,0.900990099009901,1,reels_01,76
106,0,0.0,0.0,0,0,2.409919023513794,0.02295160974775042,0.04343933359144485,1.0,0.0,6,6,0.0,43.984880390481415,0.9142857142857143,1,reels_01,77
45,0,0.0,0.0,0,0,2.985320806503296,0.06784820014780218,0.22322527762154926,1.0,0.0,4,4,0.0,15.073756864579144,0.8636363636363636,1,reels_01,78
1964,0,0.0,0.0,0,0,2.8761630058288574,0.00146518747113034,0.013392468415011986,1.0,0.0,7,7,0.0,682.8542040279846,0.9984717269485481,1,reels_01,79
64,0,0.0,0.0,0,0,2.998461961746216,0.047594634313432,0.19256217012192542,1.0,0.0,5,5,0.0,21.344276104382622,0.9047619047619048,1,reels_01,80
66,0,0.0,0.0,0,0,2.451115131378174,0.03770946355966421,0.07383640298012534,1.0,0.0,3,3,0.0,26.926519752211956,0.8923076923076924,1,reels_01,81
85,0,0.0,0.0,0,0,2.9224841594696045,0.03479147808892386,0.08500057102020982,1.0,0.0,6,6,0.0,29.084845412960757,0.9047619047619048,1,reels_01,82
84,0,0.0,0.0,0,0,1.8315110206604004,0.022066397839281934,0.045340099185245376,1.0,0.0,7,8,0.0,45.86376988859808,0.927710843373494,1,reels_01,83
1008,0,0.0,0.0,0,0,2.9682600498199463,0.0029476266631777025,0.03391254526745289,1.0,0.0,7,7,0.0,339.59288710608257,0.9940417080436942,1,reels_01,84
235,0,0.0,0.0,0,0,1.7839839458465576,0.00762386301643828,0.016985747438820163,1.0,0.0,5,5,0.0,131.72764281154164,0.9914529914529915,1,reels_01,85
78,0,0.0,0.0,0,0,2.9153881072998047,0.037862183211685774,0.0855500483118974,1.0,0.0,4,4,0.0,26.75458536882165,0.8831168831168831,1,reels_01,86
83,0,0.0,0.0,0,0,2.819833993911743,0.034388219437948085,0.08570525157902449,1.0,0.0,5,5,0.0,29.43435683774432,0.8902439024390244,1,reels_01,87
95,0,0.0,0.0,0,0,2.9888839721679688,0.0317966380017869,0.10455931312744687,1.0,0.0,8,8,0.0,31.78443890248852,0.925531914893617,1,reels_01,88
1865,0,0.0,0.0,0,0,2.98657488822937,0.0016022397469041686,0.010599288384201272,1.0,0.0,8,7,0.0,624.4611535944741,0.9973175965665236,1,reels_01,89
43,0,0.0,0.0,0,0,2.819279909133911,0.06712571212223598,0.14095753409514056,1.0,0.0,4,3,0.0,15.25212160051525,0.8095238095238095,1,reels_01,90
47,0,0.0,0.0,0,0,2.463465929031372,0.05355360715285591,0.1451765707371476,1.0,0.0,5,4,0.0,19.078810648897534,0.8913043478260869,1,reels_01,91
71,0,0.0,0.0,0,0,2.982293128967285,0.0426041875566755,0.08420808548249668,1.0,0.0,6,5,0.0,23.807183576413237,0.8571428571428571,1,reels_01,92
87,0,0.0,0.0,0,0,2.8505561351776123,0.0331460015718327,0.09127056119076425,1.0,0.0,4,4,0.0,30.520360194407893,0.9069767441860465,1,reels_01,93
111,0,0.0,0.0,0,0,2.805091142654419,0.02550082856958563,0.0785788252175148,1.0,0.0,4,4,0.0,39.570906738867045,0.9181818181818182,1,reels_01,94
1435,0,0.0,0.0,0,0,1.5404069423675537,0.0010742028886803025,0.005993456360733648,1.0,0.0,5,4,0.0,931.5720155054958,0.999302649930265,1,reels_01,95
63,0,0.0,0.0,0,0,2.9190309047698975,0.047081143625320926,0.10395053677063325,1.0,0.0,5,5,0.0,21.582505309229052,0.8387096774193549,1,reels_01,96
83,0,0.0,0.0,0,0,2.4424359798431396,0.02978580463223341,0.07222817095550563,1.0,0.0,6,6,0.0,33.98246696534928,0.9024390243902439,1,reels_01,97
1553,0,0.0,0.0,0,0,2.460901975631714,0.0015856327162575476,0.008680385533569075,1.0,0.0,6,6,0.0,631.0694271360991,0.9980670103092784,1,reels_01,98
37,0,0.0,0.0,0,0,0.7505791187286377,0.020849419964684382,0.05277865359051877,1.0,0.0,4,4,0.0,49.29526958153612,0.9722222222222222,1,reels_01,99
69,0,0.0,0.0,0,0,2.987298011779785,0.043930853114408606,0.15626753851929526,1.0,0.0,5,5,0.0,23.09779597747293,0.9117647058823529,1,reels_01,100
1373,0,0.0,0.0,0,0,2.9636569023132324,0.0021600997830271374,0.017129308343599364,1.0,0.0,8,8,0.0,463.2789979596923,0.9970845481049563,1,reels_01,101
72,0,0.0,0.0,0,0,2.614307165145874,0.0368212276781109,0.08737910523320974,1.0,0.0,4,4,0.0,27.540757627836943,0.9014084507042254,1,reels_01,102
43,0,0.0,0.0,0,0,2.9537699222564697,0.0703278552918207,0.19699945977236008,1.0,0.0,3,3,0.0,14.557667364677837,0.8333333333333334,1,reels_01,103
121,0,0.0,0.0,0,0,2.972729206085205,0.024772743384043377,0.08556764719295142,1.0,0.0,6,5,0.0,40.703337442344846,0.9416666666666667,1,reels_01,104
44,0,0.0,0.0,0,0,2.998552083969116,0.06973376939463061,0.24647179611180256,1.0,0.0,6,6,0.0,14.673748785366499,0.8837209302325582,1,reels_01,105
1136,0,0.0,0.0,0,0,2.2893359661102295,0.002017036093489189,0.012437615287802118,1.0,0.0,8,7,0.0,496.213756659822,0.9973568281938326,1,reels_01,106
70,0,0.0,0.0,0,0,2.7781929969787598,0.04026366662288058,0.07065075138739894,1.0,0.0,8,7,0.0,25.196233694391957,0.8405797101449275,1,reels_01,107
124,0,0.0,0.0,0,0,2.698503017425537,0.021939048922158838,0.052942331834746496,1.0,0.0,4,4,0.0,45.95140312953964,0.9349593495934959,1,reels_01,108
702,0,0.0,0.0,0,0,2.9692208766937256,0.004235693119391906,0.043717799406640494,1.0,0.0,9,8,0.0,236.42565816177614,0.9885877318116976,1,reels_01,109
369,0,0.0,0.0,0,0,2.852565050125122,0.007751535462296527,0.02535148528217665,1.0,0.0,6,5,0.0,129.35726040106064,0.9809782608695652,1,reels_01,110
1037,0,0.0,0.0,0,0,2.9916341304779053,0.00288767773212153,0.03295164560704833,1.0,0.0,5,5,0.0,346.6332963096467,0.9922779922779923,1,reels_01,111
305,0,0.0,0.0,0,0,2.9740381240844727,0.009783020145014712,0.026591583488273722,1.0,0.0,8,7,0.0,102.5541661789864,0.9769736842105263,1,reels_01,112
40,0,0.0,0.0,0,0,2.828680992126465,0.07253028184939654,0.24430285799288895,1.0,0.0,3,3,0.0,14.14086640074954,0.8974358974358975,1,reels_01,113
1633,0,0.0,0.0,0,0,2.8554301261901855,0.0017496508126165352,0.011831760929281399,1.0,0.0,6,6,0.0,571.8928244897401,0.9981617647058824,1,reels_01,114
58,0,0.0,0.0,0,0,1.8460400104522705,0.03238666685003983,0.05907862747077225,1.0,0.0,4,4,0.0,31.418603969363748,0.8596491228070176,1,reels_01,115
1648,0,0.0,0.0,0,0,2.849179983139038,0.001729921058372215,0.012514668875866896,1.0,0.0,6,5,0.0,578.4120377626487,0.9963570127504554,1,reels_01,116
137,0,0.0,0.0,0,0,2.4917330741882324,0.0183215667219723,0.06382460536918272,1.0,0.0,7,6,0.0,54.98181222506446,0.9705882352941176,1,reels_01,117
995,0,0.0,0.0,0,0,2.997157096862793,0.003015248588393152,0.020090543237826546,1.0,0.0,4,4,0.0,331.9812635251899,0.9959758551307847,1,reels_01,118
170,0,0.0,0.0,0,0,2.912429094314575,0.017233308250382103,0.040643228374052154,1.0,0.0,6,5,0.0,58.370519760244534,0.9585798816568047,1,reels_01,119
122,0,0.0,0.0,0,0,2.9896390438079834,0.02470776069262796,0.10839584837667353,1.0,0.0,5,5,0.0,40.80760192528304,0.9504132231404959,1,reels_01,120
1460,0,0.0,0.0,0,0,2.9861440658569336,0.0020467060081267537,0.011222369793344737,1.0,0.0,7,6,0.0,488.9248367797767,0.995887594242632,1,reels_01,121
105,0,0.0,0.0,0,0,2.345773935317993,0.022555518608826857,0.04513494125068552,1.0,0.0,8,7,0.0,44.761346530080786,0.9326923076923077,1,reels_01,122
1167,0,0.0,0.0,0,0,2.993340015411377,0.002567186977196721,0.033458995425545944,1.0,0.0,8,8,0.0,389.86549940589305,0.9974271012006861,1,reels_01,123
91,0,0.0,0.0,0,0,2.641963005065918,0.02935514450073242,0.06499775546551653,1.0,0.0,6,6,0.0,34.444085638409426,0.9111111111111111,1,reels_01,124
1301,0,0.0,0.0,0,0,2.9870738983154297,0.0022977491525503304,0.039628293320691205,1.0,0.0,9,9,0.0,435.5432922947448,0.9961538461538462,1,reels_01,125
167,0,0.0,0.0,0,0,2.9159038066864014,0.017565685582448202,0.08555971116451326,1.0,0.0,6,6,0.0,57.27212249493814,0.9698795180722891,1,reels_01,126
49,0,0.0,0.0,0,0,2.9136099815368652,0.06070020794868469,0.2792947801000029,1.0,0.0,6,6,0.0,16.817624977435578,0.9375,1,reels_01,127
80,0,0.0,0.0,0,0,2.991147994995117,0.03786263284803946,0.10362779287021678,1.0,0.0,12,13,0.0,26.745584014518343,0.9113924050632911,1,reels_01,128
87,0,0.0,0.0,0,0,2.9780049324035645,0.03462796433027401,0.08025047725885315,1.0,0.0,10,9,0.0,29.214189356557515,0.8837209302325582,1,reels_01,129
178,0,0.0,0.0,0,0,2.9541659355163574,0.016690203025516142,0.04525961034342375,1.0,0.0,11,11,0.0,60.253893615115246,0.9548022598870056,1,reels_01,130
1203,0,0.0,0.0,0,0,2.595102071762085,0.0021589867485541474,0.013106050351759985,1.0,0.0,7,7,0.0,463.5655811346018,0.9958402662229617,1,reels_01,131
1204,0,0.0,0.0,0,0,2.982678174972534,0.0024793667289879752,0.043102552142264446,1.0,0.0,6,6,0.0,403.6640661076641,0.9958437240232751,1,reels_01,132
392,0,0.0,0.0,0,0,2.9833590984344482,0.007630074420548461,0.024977725838281388,1.0,0.0,8,8,0.0,131.39551326747977,0.9820971867007673,1,reels_01,133
54,0,0.0,0.0,0,0,2.6680829524993896,0.05034118778300735,0.09088068343918045,1.0,0.0,5,4,0.0,20.239250788441275,0.8113207547169812,1,reels_01,134
1372,0,0.0,0.0,0,0,2.7699739933013916,0.002020404079723845,0.00972705815612668,1.0,0.0,8,8,0.0,495.31150953687575,0.9978118161925602,1,reels_01,135
23,0,0.0,0.0,0,0,1.0273470878601074,0.046697594902732155,0.14343096492591587,1.0,0.0,3,3,0.0,22.387759961346074,0.9090909090909091,1,reels_01,136
1249,0,0.0,0.0,0,0,2.9205269813537598,0.0023401658504437176,0.014165120967480927,1.0,0.0,6,6,0.0,427.66254445663355,0.9951923076923077,1,reels_01,137
115,0,0.0,0.0,0,0,2.969367027282715,0.02604707918669048,0.05787462345661836,1.0,0.0,5,5,0.0,38.72879268321275,0.9210526315789473,1,reels_01,138
1549,0,0.0,0.0,0,0,2.9429240226745605,0.0019011137097380882,0.02305897197024576,1.0,0.0,6,6,0.0,526.3472614533393,0.9941860465116279,1,reels_01,139
212,0,0.0,0.0,0,0,2.535871982574463,0.01201835062831499,0.04090290983991049,1.0,0.0,3,3,0.0,83.60043466578064,0.9715639810426541,1,reels_01,140
143,0,0.0,0.0,0,0,2.8279969692230225,0.019915471614246637,0.07839679751561214,1.0,0.0,5,5,0.0,50.56582505436295,0.9577464788732394,1,reels_01,141
1253,0,0.0,0.0,0,0,2.99761700630188,0.002394262784586166,0.015407480446820191,1.0,0.0,6,5,0.0,417.9986960861986,0.9952076677316294,1,reels_01,142
40,0,0.0,0.0,0,0,2.6770780086517334,0.06864302586286496,0.12975919889324677,1.0,0.0,7,7,0.0,14.941663960007407,0.8461538461538461,1,reels_01,143
1167,0,0.0,0.0,0,0,2.986217975616455,0.0025610788813177146,0.02712268400858472,1.0,0.0,7,6,0.0,390.795316861989,0.9965694682675815,1,reels_01,144
115,0,0.0,0.0,0,0,2.949953079223633,0.025876781396698533,0.05617528448997298,1.0,0.0,7,6,0.0,38.98367089630647,0.9122807017543859,1,reels_01,145
887,0,0.0,0.0,0,0,2.9527862071990967,0.003332715809479793,0.04166731031445744,1.0,0.0,6,6,0.0,300.3942506360375,0.9920993227990971,1,reels_01,146
148,0,0.0,0.0,0,0,2.4626989364624023,0.01675305398954015,0.04919675860770317,1.0,0.0,5,4,0.0,60.096667850353576,0.9727891156462585,1,reels_01,147
27,0,0.0,0.0,0,0,1.405379056930542,0.054053040651174694,0.11995350820748588,1.0,0.0,5,5,0.0,19.211898645316456,0.8846153846153846,1,reels_01,148
50,0,0.0,0.0,0,0,2.832641124725342,0.05780900254541514,0.10033617176512881,1.0,0.0,5,5,0.0,17.651371210974737,0.8367346938775511,1,reels_01,149
36,0,0.0,0.0,0,0,2.0572800636291504,0.058779430389404294,0.12478817866943433,1.0,0.0,6,5,0.0,17.49883286988846,0.8571428571428571,1,reels_01,150
1220,0,0.0,0.0,0,0,2.9814391136169434,0.002445807312237033,0.010392256968586172,1.0,0.0,7,7,0.0,409.1983614315547,0.9983593109105825,1,reels_01,151
3,0,0.0,0.0,0,0,0.00012803077697753906,6.401538848876953e-05,6.401538848876953e-05,1.0,0.0,2,2,0.0,23431.86592178771,1.0,1,reels_01,152
47,0,0.0,0.0,0,0,2.873986005783081,0.06247795664745828,0.20223538253581208,1.0,0.0,14,13,0.0,16.35359389552553,0.8913043478260869,1,youtube_shorts_01,0
29,0,0.0,0.0,0,0,2.9641098976135254,0.10586106777191162,0.2512428784160058,1.0,0.0,11,9,0.0,9.783712818255687,0.7857142857142857,1,youtube_shorts_01,1
157,0,0.0,0.0,0,0,2.876136064529419,0.018436769644419353,0.08111638532678996,1.0,0.0,9,9,0.0,54.58712539237523,0.9615384615384616,1,youtube_shorts_01,2
525,0,0.0,0.0,0,0,2.9985129833221436,0.005722353021607144,0.023725285323631214,1.0,0.0,11,10,0.0,175.0867856567813,0.9904580152671756,1,youtube_shorts_01,3
517,0,0.0,0.0,0,0,2.9598820209503174,0.0057362054669579795,0.027385439832179104,1.0,0.0,5,7,0.0,174.6691240869151,0.9903100775193798,1,youtube_shorts_01,4
555,0,0.0,0.0,0,0,2.9972450733184814,0.00541018966302975,0.021109701430093924,1.0,0.0,11,11,0.0,185.17004329763287,0.9855595667870036,1,youtube_shorts_01,5
830,0,0.0,0.0,0,0,2.995995044708252,0.0036139867849315464,0.017605578184632268,1.0,0.0,11,11,0.0,277.0365062739364,0.991556091676719,1,youtube_shorts_01,6
514,0,0.0,0.0,0,0,2.9815871715545654,0.00581206076326426,0.03804416618286937,1.0,0.0,5,5,0.0,172.39140445188,0.9922027290448343,1,youtube_shorts_01,7
475,0,0.0,0.0,0,0,2.9945168495178223,0.006317546096029161,0.03138658902634885,1.0,0.0,8,8,0.0,158.6232517197172,0.9873417721518988,1,youtube_shorts_01,8
1497,0,0.0,0.0,0,0,2.9702959060668945,0.0019854919158201166,0.015233197288885027,1.0,0.0,6,6,0.0,503.99019065485857,0.9959893048128342,1,youtube_shorts_01,9
581,0,0.0,0.0,0,0,2.999553918838501,0.005171644687652588,0.02473205517730285,1.0,0.0,7,6,0.0,193.69546796644252,0.9879310344827587,1,youtube_shorts_01,10
389,0,0.0,0.0,0,0,2.999271869659424,0.007730082138297484,0.04778950016203604,1.0,0.0,11,10,0.0,129.698145718338,0.9819587628865979,1,youtube_shorts_01,11
356,0,0.0,0.0,0,0,2.977031946182251,0.008386005482203524,0.041063505123729374,1.0,0.0,9,10,0.0,119.58219005897293,0.9774647887323944,1,youtube_shorts_01,12
566,0,0.0,0.0,0,0,2.8489019870758057,0.005042304401904081,0.021150441301018518,1.0,0.0,7,7,0.0,198.67303352929966,0.9876106194690265,1,youtube_shorts_01,13
220,0,0.0,0.0,0,0,2.9445960521698,0.013445644073834702,0.06475542637972645,1.0,0.0,6,6,0.0,74.71313419641633,0.9726027397260274,1,youtube_shorts_01,14
716,0,0.0,0.0,0,0,2.924154043197632,0.004089725934542142,0.014448256247406031,1.0,0.0,18,18,0.0,244.85714138952713,0.993006993006993,1,youtube_shorts_01,15
1104,0,0.0,0.0,0,0,2.636854887008667,0.002390620931104866,0.016888303926738128,1.0,0.0,10,10,0.0,418.68060523133795,0.9954669084315503,1,youtube_shorts_01,16
758,0,0.0,0.0,0,0,2.7047808170318604,0.0035730261783776225,0.019390949384341702,1.0,0.0,6,6,0.0,280.2445193440128,0.9894319682959049,1,youtube_shorts_01,17
571,0,0.0,0.0,0,0,2.958716869354248,0.005190731349744295,0.0208794431620956,1.0,0.0,13,13,0.0,192.9890642508903,0.9947368421052631,1,youtube_shorts_01,18
243,0,0.0,0.0,0,0,2.994102954864502,0.01237232625977067,0.07364153605819977,1.0,0.0,3,3,0.0,81.15953381135384,0.9752066115702479,1,youtube_shorts_01,19
454,0,0.0,0.0,0,0,2.462332010269165,0.005435611501697936,0.026684885864224787,1.0,0.0,10,9,0.0,184.37806035359623,0.9889624724061811,1,youtube_shorts_01,20
726,0,0.0,0.0,0,0,2.9641358852386475,0.004088463289984342,0.02020084955858908,1.0,0.0,11,11,0.0,244.92804247452662,0.9903448275862069,1,youtube_shorts_01,21
470,0,0.0,0.0,0,0,2.9752280712127686,0.0063437698746540904,0.038234527991489964,1.0,0.0,7,7,0.0,157.9710828045588,0.9872068230277186,1,youtube_shorts_01,22
320,0,0.0,0.0,0,0,2.910861015319824,0.009124956160877192,0.04479761910234802,1.0,0.0,6,6,0.0,109.93310855992235,0.9811912225705329,1,youtube_shorts_01,23
537,0,0.0,0.0,0,0,2.9811298847198486,0.005561809486417628,0.0276566472862653,1.0,0.0,6,6,0.0,180.13304376721732,0.9906716417910447,1,youtube_shorts_01,24
422,0,0.0,0.0,0,0,2.8160338401794434,0.006688916484986801,0.04509553547177785,1.0,0.0,10,9,0.0,149.85615370769455,0.9833729216152018,1,youtube_shorts_01,25
141,0,0.0,0.0,0,0,2.9698710441589355,0.021213364601135255,0.06758021295100672,1.0,0.0,14,14,0.0,47.47680889286931,0.9428571428571428,1,youtube_shorts_01,26
499,0,0.0,0.0,0,0,2.925213098526001,0.0058739218845903635,0.03242233400562696,1.0,0.0,6,6,0.0,170.58586270225695,0.9879518072289156,1,youtube_shorts_01,27
622,0,0.0,0.0,0,0,2.9947848320007324,0.004822519858294255,0.021961228183098286,1.0,0.0,8,8,0.0,207.6943870403067,0.9903381642512077,1,youtube_shorts_01,28
382,0,0.0,0.0,0,0,2.8625149726867676,0.007513162657970519,0.028415134645111566,1.0,0.0,10,10,0.0,133.44908363621704,0.9816272965879265,1,youtube_shorts_01,29
323,0,0.0,0.0,0,0,2.556446075439453,0.007939273526209482,0.02675802072112584,1.0,0.0,10,10,0.0,126.3472768321453,0.9751552795031055,1,youtube_shorts_01,30
582,0,0.0,0.0,0,0,2.999967098236084,0.005163454558065549,0.025336436386477677,1.0,0.0,10,10,0.0,194.0021276707346,0.9913941480206541,1,youtube_shorts_01,31
204,0,0.0,0.0,0,0,2.771732807159424,0.013653856192903565,0.06860721410192082,1.0,0.0,3,3,0.0,73.60016790690113,0.9655172413793104,1,youtube_shorts_01,32
281,0,0.0,0.0,0,0,2.438120126724243,0.008707571881158012,0.03592141476010818,1.0,0.0,8,7,0.0,115.25272972400253,0.975,1,youtube_shorts_01,33
659,0,0.0,0.0,0,0,2.9915199279785156,0.0045463828692682605,0.022826723743213543,1.0,0.0,12,12,0.0,220.28935653633152,0.9893617021276596,1,youtube_shorts_01,34
279,0,0.0,0.0,0,0,2.7412469387054443,0.009860600498940447,0.055572432172144845,1.0,0.0,7,6,0.0,101.7784994341874,0.9820143884892086,1,youtube_shorts_01,35
721,0,0.0,0.0,0,0,2.998608112335205,0.004164733489354451,0.024005892506371865,1.0,0.0,9,9,0.0,240.44489075917022,0.9902777777777778,1,youtube_shorts_01,36
560,0,0.0,0.0,0,0,2.9997642040252686,0.005366304479472752,0.027020445900961938,1.0,0.0,9,9,0.0,186.681339569476,0.9874776386404294,1,youtube_shorts_01,37
366,0,0.0,0.0,0,0,2.9999051094055176,0.008218918107960322,0.03866522484687258,1.0,0.0,10,9,0.0,122.00385900623675,0.9808219178082191,1,youtube_shorts_01,38
619,0,0.0,0.0,0,0,2.8155159950256348,0.00455585112463695,0.018152302659114983,1.0,0.0,5,5,0.0,219.85312855392397,0.9902912621359223,1,youtube_shorts_01,39
1038,0,0.0,0.0,0,0,2.9801011085510254,0.0028737715608013747,0.02103374309565888,1.0,0.0,8,7,0.0,348.3103298145118,0.9922854387656702,1,youtube_shorts_01,40
492,0,0.0,0.0,0,0,2.947105884552002,0.006002252310696542,0.03457449366288322,1.0,0.0,14,14,0.0,166.94344189631664,0.9857433808553971,1,youtube_shorts_01,41
458,0,0.0,0.0,0,0,2.4650540351867676,0.005393991324259885,0.020089408774035835,1.0,0.0,7,7,0.0,185.79714418523858,0.9824945295404814,1,youtube_shorts_01,42
334,0,0.0,0.0,0,0,2.952476978302002,0.008866297232138144,0.045444684418583174,1.0,0.0,4,4,0.0,113.12535286628606,0.978978978978979,1,youtube_shorts_01,43
415,0,0.0,0.0,0,0,2.85550594329834,0.006897357350962173,0.03307377410700928,1.0,0.0,7,7,0.0,145.33326431134705,0.9830917874396136,1,youtube_shorts_01,44
754,0,0.0,0.0,0,0,2.881852149963379,0.0038271608897256027,0.02092242603518867,1.0,0.0,9,9,0.0,261.6372946160966,0.9893758300132802,1,youtube_shorts_01,45
223,0,0.0,0.0,0,0,2.920893907546997,0.013157179763725211,0.07110482263545216,1.0,0.0,2,2,0.0,76.34649085467063,0.972972972972973,1,youtube_shorts_01,46
377,0,0.0,0.0,0,0,2.9699559211730957,0.007898818939290148,0.03617315848508384,1.0,0.0,7,7,0.0,126.93791086673424,0.9787234042553191,1,youtube_shorts_01,47
411,0,0.0,0.0,0,0,2.872457981109619,0.00700599507587712,0.04572156701809045,1.0,0.0,3,3,0.0,143.0830329644134,0.9853658536585366,1,youtube_shorts_01,48
528,0,0.0,0.0,0,0,2.996628999710083,0.005686203035503004,0.026726166410861153,1.0,0.0,4,4,0.0,176.19798782267767,0.9867172675521821,1,youtube_shorts_01,49
424,0,0.0,0.0,0,0,2.9788360595703125,0.007042165625461731,0.028640065309836957,1.0,0.0,5,3,0.0,142.33747393979132,0.9858156028368794,1,youtube_shorts_01,50
345,0,0.0,0.0,0,0,2.9745841026306152,0.00864704680997272,0.03472035249781111,1.0,0.0,7,8,0.0,115.98260062470393,0.9738372093023255,1,youtube_shorts_01,51
476,0,0.0,0.0,0,0,2.990985155105591,0.006296810852853875,0.03133631743399322,1.0,0.0,9,8,0.0,159.144888829512,0.9831578947368421,1,youtube_shorts_01,52
281,0,0.0,0.0,0,0,2.985711097717285,0.010663253920418876,0.05696063626985693,1.0,0.0,3,3,0.0,94.11493302712293,0.975,1,youtube_shorts_01,53
282,0,0.0,0.0,0,0,2.8634870052337646,0.010190345214355034,0.06083222850802638,1.0,0.0,3,2,0.0,98.48132695715815,0.9822064056939501,1,youtube_shorts_01,54
217,0,0.0,0.0,0,0,2.9506590366363525,0.013660458502946076,0.07298930099747428,1.0,0.0,6,6,0.0,73.5428923862963,0.9675925925925926,1,youtube_shorts_01,55
172,0,0.0,0.0,0,0,2.8997530937194824,0.016957620431108083,0.05445134830361313,1.0,0.0,11,12,0.0,59.3153949460495,0.9590643274853801,1,youtube_shorts_01,56
324,0,0.0,0.0,0,0,2.86836314201355,0.008880381244623993,0.05010384146196037,1.0,0.0,5,5,0.0,112.95640891988197,0.9845201238390093,1,youtube_shorts_01,57
403,0,0.0,0.0,0,0,2.882169008255005,0.00716957464740051,0.03346733300008752,1.0,0.0,4,4,0.0,139.8252492639196,0.9850746268656716,1,youtube_shorts_01,58
280,0,0.0,0.0,0,0,2.726768970489502,0.009773365485625456,0.03888172872080643,1.0,0.0,3,3,0.0,102.68563381434372,0.967741935483871,1,youtube_shorts_01,59
511,0,0.0,0.0,0,0,2.9938290119171143,0.005870252964543361,0.02466846834874753,1.0,0.0,15,15,0.0,170.68443052890936,0.9882352941176471,1,youtube_shorts_01,60
227,0,0.0,0.0,0,0,2.988765001296997,0.013224623899544236,0.07690188625216275,1.0,0.0,3,4,0.0,75.95110351649984,0.9690265486725663,1,youtube_shorts_01,61
354,0,0.0,0.0,0,0,2.9826488494873047,0.008449430168519277,0.04095315250894469,1.0,0.0,7,7,0.0,118.68644881238701,0.9858356940509915,1,youtube_shorts_01,62
418,0,0.0,0.0,0,0,2.937778949737549,0.007045033452608031,0.04300459407737673,1.0,0.0,4,4,0.0,142.28436078805137,0.9856115107913669,1,youtube_shorts_01,63
940,0,0.0,0.0,0,0,2.9557411670684814,0.0031477541715319293,0.022248143350984996,1.0,0.0,6,5,0.0,318.02514052077726,0.9925452609158679,1,youtube_shorts_01,64
365,0,0.0,0.0,0,0,2.9483940601348877,0.008099983681689252,0.06445480470362028,1.0,0.0,7,7,0.0,123.79620652990374,0.9862637362637363,1,youtube_shorts_01,65
1188,0,0.0,0.0,0,0,2.9786038398742676,0.0025093545407533844,0.01270032109206211,1.0,0.0,7,7,0.0,398.8445808389704,0.9949452401010952,1,youtube_shorts_01,66
676,0,0.0,0.0,0,0,2.996381998062134,0.0044390844415735315,0.025996254100934132,1.0,0.0,8,7,0.0,225.60541360787548,0.9911111111111112,1,youtube_shorts_01,67
375,0,0.0,0.0,0,0,2.956817150115967,0.00790592820886622,0.052173610307051456,1.0,0.0,5,5,0.0,126.82556308403868,0.983957219251337,1,youtube_shorts_01,68
386,0,0.0,0.0,0,0,2.821162223815918,0.007327694087833553,0.027271246217163765,1.0,0.0,7,6,0.0,136.8230429081439,0.9818181818181818,1,youtube_shorts_01,69
384,0,0.0,0.0,0,0,2.7422242164611816,0.007159854351073581,0.038370352466890724,1.0,0.0,2,2,0.0,140.0323130745118,0.9817232375979112,1,youtube_shorts_01,70
241,0,0.0,0.0,0,0,2.3944408893585205,0.009976837038993835,0.04198352867609037,1.0,0.0,6,6,0.0,100.64980140919862,0.9791666666666666,1,youtube_shorts_01,71
543,0,0.0,0.0,0,0,2.986330032348633,0.005509834008023308,0.031135736398097812,1.0,0.0,4,4,0.0,181.8285300412532,0.9907749077490775,1,youtube_shorts_01,72
501,0,0.0,0.0,0,0,2.6177611351013184,0.005235522270202637,0.03697574472796741,1.0,0.0,7,7,0.0,191.38491792934698,0.986,1,youtube_shorts_01,73
221,0,0.0,0.0,0,0,2.95845890045166,0.013447540456598456,0.049692342824736724,1.0,0.0,5,5,0.0,74.70105464918255,0.9681818181818181,1,youtube_shorts_01,74
509,0,0.0,0.0,0,0,2.9320201873779297,0.005771693282240019,0.028137350692197673,1.0,0.0,5,5,0.0,173.60044183569983,0.9881889763779528,1,youtube_shorts_01,75
417,0,0.0,0.0,0,0,2.997623920440674,0.0072058267318285425,0.04819964998574458,1.0,0.0,2,2,0.0,139.1101789508998,0.9831730769230769,1,youtube_shorts_01,76
488,0,0.0,0.0,0,0,2.998548984527588,0.006157184773157264,0.036569203063156044,1.0,0.0,4,4,0.0,162.7453820224594,0.9856262833675564,1,youtube_shorts_01,77
326,0,0.0,0.0,0,0,2.9313158988952637,0.009019433535062349,0.04729183358693452,1.0,0.0,6,5,0.0,111.21285158070506,0.9846153846153847,1,youtube_shorts_01,78
380,0,0.0,0.0,0,0,2.940300941467285,0.007758049977486241,0.05348511977494684,1.0,0.0,7,7,0.0,129.2384716954756,0.9868073878627969,1,youtube_shorts_01,79
401,0,0.0,0.0,0,0,2.929255962371826,0.007323139905929565,0.027101787792876978,1.0,0.0,4,4,0.0,136.89483102572888,0.985,1,youtube_shorts_01,80
752,0,0.0,0.0,0,0,2.8190629482269287,0.0037537456034979076,0.01967846319464254,1.0,0.0,8,7,0.0,266.75530621725784,0.9920106524633822,1,youtube_shorts_01,81
298,0,0.0,0.0,0,0,2.9993841648101807,0.01009893658185246,0.04623792597912547,1.0,0.0,3,3,0.0,99.35372850741821,0.9764309764309764,1,youtube_shorts_01,82
396,0,0.0,0.0,0,0,2.9038660526275635,0.007351559626905224,0.04067951730562447,1.0,0.0,4,3,0.0,136.36992644398296,0.9898734177215189,1,youtube_shorts_01,83
445,0,0.0,0.0,0,0,2.982081890106201,0.006716400653392345,0.03225303278146897,1.0,0.0,6,6,0.0,149.2246076395146,0.9864864864864865,1,youtube_shorts_01,84
320,0,0.0,0.0,0,0,2.9898018836975098,0.009372419698111315,0.038377196802488696,1.0,0.0,5,4,0.0,107.03050317309108,0.9780564263322884,1,youtube_shorts_01,85
425,0,0.0,0.0,0,0,2.9971179962158203,0.007068674519376934,0.02548015599552162,1.0,0.0,2,2,0.0,141.8028921572683,0.9787735849056604,1,youtube_shorts_01,86
225,0,0.0,0.0,0,0,2.9825031757354736,0.01331474632024765,0.07383321833794385,1.0,0.0,4,4,0.0,75.43998673011166,0.96875,1,youtube_shorts_01,87
1100,0,0.0,0.0,0,0,2.9571831226348877,0.0026907944700954394,0.016066633442559767,1.0,0.0,11,11,0.0,371.9756113784006,0.9954504094631483,1,youtube_shorts_01,88
318,0,0.0,0.0,0,0,2.6272640228271484,0.008287899125637693,0.04058515757951675,1.0,0.0,3,3,0.0,121.03846329757384,0.9779179810725552,1,youtube_shorts_01,89
108,0,0.0,0.0,0,0,2.9992058277130127,0.02802996100666367,0.15617415287695785,1.0,0.0,4,4,0.0,36.009532590950364,0.9626168224299065,1,youtube_shorts_01,90
237,0,0.0,0.0,0,0,2.265122175216675,0.009597975318714723,0.06169373463829099,1.0,0.0,3,3,0.0,104.6301177892664,0.9745762711864406,1,youtube_shorts_01,91
371,0,0.0,0.0,0,0,2.841787099838257,0.007680505675238532,0.024904640528249273,1.0,0.0,5,4,0.0,130.55165181836313,0.9837837837837838,1,youtube_shorts_01,92
445,0,0.0,0.0,0,0,2.949277877807617,0.006642517742809949,0.03778179518876459,1.0,0.0,7,7,0.0,150.88439219257168,0.9842342342342343,1,youtube_shorts_01,93
363,0,0.0,0.0,0,0,2.846909999847412,0.007864392264771857,0.028079361717193434,1.0,0.0,3,3,0.0,127.5066651279654,0.9834254143646409,1,youtube_shorts_01,94
713,0,0.0,0.0,0,0,2.8614468574523926,0.004018886035747743,0.015583976181968691,1.0,0.0,6,5,0.0,249.1746432903525,0.9929775280898876,1,youtube_shorts_01,95
134,0,0.0,0.0,0,0,0.4776148796081543,0.0035910893203620624,0.012360059983922518,1.0,0.0,2,2,0.0,280.56077337861944,0.9924812030075187,1,youtube_shorts_01,96
163,0,0.0,0.0,0,0,2.841609001159668,0.01754079630345474,0.10957560947738361,1.0,0.0,7,7,0.0,57.361867847926746,0.9691358024691358,0,twitter_scrolling_01,0
2268,0,0.0,0.0,0,0,2.9977879524230957,0.001322359043856681,0.012406269962892028,1.0,0.0,7,7,0.0,756.557847317649,0.9969122187913542,0,twitter_scrolling_01,1
4448,0,0.0,0.0,0,0,2.9482100009918213,0.00066296604474743,0.008961285558342106,1.0,0.0,4,5,0.0,1508.7120654578973,0.9979761637058692,0,twitter_scrolling_01,2
4198,0,0.0,0.0,0,0,2.979012966156006,0.000709795798464619,0.010136022610776263,1.0,0.0,5,5,0.0,1409.1915838207728,0.9983321420061949,0,twitter_scrolling_01,3
1938,0,0.0,0.0,0,0,2.995821952819824,0.0015466298156013548,0.020375725112226236,1.0,0.0,5,5,0.0,646.9009275320428,0.9974186886938565,0,twitter_scrolling_01,4
3031,0,0.0,0.0,0,0,2.993748903274536,0.0009880359416747644,0.016068941466424878,1.0,0.0,9,9,0.0,1012.4429596232065,0.9986798679867986,0,twitter_scrolling_01,5
2087,0,0.0,0.0,0,0,2.9609930515289307,0.001419459756245892,0.01717334758050832,1.0,0.0,16,16,0.0,704.831103511831,0.9976030680728667,0,twitter_scrolling_01,6
2450,0,0.0,0.0,0,0,2.948090076446533,0.0012037934162705322,0.013983454392653435,1.0,0.0,18,18,0.0,831.0465204486209,0.9971416904859126,0,twitter_scrolling_01,7
2798,0,0.0,0.0,0,0,2.998026132583618,0.0010718720531224949,0.015543488571629018,1.0,0.0,26,17,0.0,933.2807241372373,0.9982123703968537,0,twitter_scrolling_01,8
1262,0,0.0,0.0,0,0,2.991265058517456,0.0023721372391097987,0.01464744698187849,1.0,0.0,23,22,0.0,421.89507626765715,0.9952418715305313,0,twitter_scrolling_01,9
2128,0,0.0,0.0,0,0,2.9442780017852783,0.0013842397751693833,0.014473915944751841,1.0,0.0,10,9,0.0,722.7578369670514,0.996708979783733,0,twitter_scrolling_01,10
2892,0,0.0,0.0,0,0,2.9871609210968018,0.0010332621657200974,0.01118004135396351,1.0,0.0,9,9,0.0,968.1433563137732,0.9979245935662401,0,twitter_scrolling_01,11
5773,0,0.0,0.0,0,0,2.9914519786834717,0.000518269573576485,0.007591793377644755,1.0,0.0,10,8,0.0,1929.832081924537,0.9993069993069993,0,twitter_scrolling_01,12
2553,0,0.0,0.0,0,0,2.942141056060791,0.0011528765893655138,0.010892387464705038,1.0,0.0,10,10,0.0,867.7354183073028,0.997257053291536,0,twitter_scrolling_01,13
3611,0,0.0,0.0,0,0,2.8680529594421387,0.0007944745040005924,0.009093119460614732,1.0,0.0,7,7,0.0,1259.042301890538,0.9980609418282549,0,twitter_scrolling_01,14
1872,0,0.0,0.0,0,0,2.5038559436798096,0.0013382447587812986,0.015881799167599117,1.0,0.0,6,5,0.0,747.6468463472391,0.9962586851950829,0,twitter_scrolling_01,15
2930,0,0.0,0.0,0,0,2.9891579151153564,0.0010205387214460076,0.013355524267615044,1.0,0.0,6,6,0.0,980.2091703431889,0.99624445203141,0,twitter_scrolling_01,16
2343,0,0.0,0.0,0,0,2.8754220008850098,0.001227763450420585,0.0198804130922522,1.0,0.0,8,8,0.0,814.8369175998728,0.9982920580700256,0,twitter_scrolling_01,17
236,0,0.0,0.0,0,0,2.9343039989471436,0.012486399995519759,0.08115657937968665,1.0,0.0,7,7,0.0,80.42793114983283,0.9787234042553191,0,twitter_scrolling_01,18
1713,0,0.0,0.0,0,0,2.9783551692962646,0.0017396934400095005,0.013662711725731741,1.0,0.0,8,8,0.0,575.1496724296832,0.9959112149532711,0,twitter_scrolling_01,19
4750,0,0.0,0.0,0,0,2.999703884124756,0.000631649586044379,0.010256498543397389,1.0,0.0,8,8,0.0,1583.4896321394538,0.9985260054748368,0,twitter_scrolling_01,20
2580,0,0.0,0.0,0,0,2.9956140518188477,0.0011615409274210345,0.01737644986179288,1.0,0.0,6,5,0.0,861.2591459949591,0.9972857696781698,0,twitter_scrolling_01,21
2879,0,0.0,0.0,0,0,2.7642509937286377,0.00096047637030182,0.009324951065667216,1.0,0.0,9,10,0.0,1041.5117898236078,0.998262682418346,0,twitter_scrolling_01,22
2003,0,0.0,0.0,0,0,2.7552919387817383,0.0013762696996911779,0.014437145393107092,1.0,0.0,7,7,0.0,726.9647080975503,0.997002997002997,0,twitter_scrolling_01,23
3470,0,0.0,0.0,0,0,2.957392930984497,0.0008525203029646864,0.009791740079988422,1.0,0.0,8,7,0.0,1173.330727765302,0.9988469299509946,0,twitter_scrolling_01,24
576,0,0.0,0.0,0,0,2.991215229034424,0.005202113441798998,0.031178064567441148,1.0,0.0,7,7,0.0,192.56387651714888,0.9843478260869565,0,twitter_scrolling_01,25
1431,0,0.0,0.0,0,0,2.6508708000183105,0.0018537558042086087,0.02575735648322346,1.0,0.0,10,9,0.0,539.8226122488186,0.9958041958041958,0,twitter_scrolling_01,26
901,0,0.0,0.0,0,0,2.979433059692383,0.003310481177435981,0.030052809993534657,1.0,0.0,10,9,0.0,302.40652565391935,0.9911111111111112,0,twitter_scrolling_01,27
221,0,0.0,0.0,0,0,2.953963041305542,0.01342710473320701,0.07296458666264219,1.0,0.0,6,5,0.0,74.81474781834989,0.9636363636363636,0,twitter_scrolling_01,28
54,0,0.0,0.0,0,0,2.251816987991333,0.04248711298096855,0.11908630575643032,1.0,0.0,8,7,0.0,23.98063443342663,0.8867924528301887,0,twitter_scrolling_01,29
32,0,0.0,0.0,0,0,2.1491739749908447,0.06932819274164015,0.12543596619635772,1.0,0.0,3,3,0.0,14.889441419062557,0.8064516129032258,0,twitter_scrolling_01,30
176,0,0.0,0.0,0,0,2.7979540824890137,0.015988309042794364,0.07582831143789368,1.0,0.0,11,11,0.0,62.90310520158119,0.9657142857142857,0,twitter_scrolling_01,31
341,0,0.0,0.0,0,0,2.829573154449463,0.008322273983674891,0.04500910200704964,1.0,0.0,7,6,0.0,120.51287646116603,0.9764705882352941,0,twitter_scrolling_01,32
172,0,0.0,0.0,0,0,2.999318838119507,0.017539876246312907,0.07877191387498209,1.0,0.0,10,10,0.0,57.346354050121406,0.9532163742690059,0,twitter_scrolling_01,33
1596,0,0.0,0.0,0,0,2.9817161560058594,0.0018694145178720122,0.03281166100271511,1.0,0.0,5,5,0.0,535.2622169569328,0.9962382445141066,0,twitter_scrolling_01,34
131,0,0.0,0.0,0,0,2.8569629192352295,0.021976637840270995,0.08677489686466944,1.0,0.0,6,6,0.0,45.85288773543723,0.9461538461538461,0,twitter_scrolling_01,35
453,0,0.0,0.0,0,0,1.5037760734558105,0.0033269382156102005,0.027494492355886236,1.0,0.0,5,5,0.0,301.2416595769913,0.9911504424778761,0,twitter_scrolling_01,36
36,0,0.0,0.0,0,0,2.424262046813965,0.06926462990897042,0.25883575119115576,1.0,0.0,5,5,0.0,14.849879800458138,0.9142857142857143,0,twitter_scrolling_01,37
39,0,0.0,0.0,0,0,2.7917909622192383,0.07346818321629574,0.14568564971025133,1.0,0.0,7,7,0.0,13.969527277571775,0.8157894736842105,0,twitter_scrolling_01,38
30,0,0.0,0.0,0,0,2.1322290897369385,0.07352514102541167,0.1742028976619921,1.0,0.0,6,6,0.0,14.069782719126685,0.8275862068965517,0,twitter_scrolling_01,39
3973,0,0.0,0.0,0,0,2.9870240688323975,0.0007520201583163136,0.009579122062635878,1.0,0.0,6,6,0.0,1330.0863697268474,0.9984894259818731,0,twitter_scrolling_01,40
964,0,0.0,0.0,0,0,2.533383846282959,0.0026307205049667277,0.021380079133246892,1.0,0.0,6,6,0.0,380.51872850393505,0.9937694704049844,0,twitter_scrolling_01,41
98,0,0.0,0.0,0,0,2.999880075454712,0.03092659871602796,0.22320509293679794,1.0,0.0,3,3,0.0,32.667972563918404,0.9587628865979382,0,twitter_scrolling_01,42
189,0,0.0,0.0,0,0,2.9360079765319824,0.015617063704957353,0.06545330374609883,1.0,0.0,4,4,0.0,64.37312211366915,0.9574468085106383,0,twitter_scrolling_01,43
1115,0,0.0,0.0,0,0,2.869022846221924,0.0025754244580089083,0.02061100058227345,1.0,0.0,7,7,0.0,388.6340610596005,0.9946140035906643,0,twitter_scrolling_01,44
25,0,0.0,0.0,0,0,2.5512568950653076,0.10630237062772115,0.2509789081399897,1.0,0.0,3,3,0.0,9.799091596128756,0.8333333333333334,0,twitter_scrolling_01,45
1967,0,0.0,0.0,0,0,2.7923479080200195,0.0014203193835300202,0.01689292584856798,1.0,0.0,6,5,0.0,704.4251163511884,0.9969481180061037,0,twitter_scrolling_01,46
2484,0,0.0,0.0,0,0,2.6137709617614746,0.001052666517020328,0.01579560973639682,1.0,0.0,8,9,0.0,950.3510584286164,0.9975835682641966,0,twitter_scrolling_01,47
184,0,0.0,0.0,0,0,2.7950570583343506,0.015273535837892626,0.0451259704445098,1.0,0.0,9,10,0.0,65.83049868386247,0.9453551912568307,0,twitter_scrolling_01,48
450,0,0.0,0.0,0,0,2.989917039871216,0.006659057995258832,0.0598964870623626,1.0,0.0,5,6,0.0,150.50584815536646,0.9866369710467706,0,twitter_scrolling_01,49
1299,0,0.0,0.0,0,0,2.470125913619995,0.0019030245867642489,0.019970700929843564,1.0,0.0,12,12,0.0,525.8841230875968,0.9938366718027735,0,twitter_scrolling_01,50
316,0,0.0,0.0,0,0,2.734333038330078,0.00868042234390501,0.047904470128841005,1.0,0.0,4,5,0.0,115.56748778231808,0.9777777777777777,0,twitter_scrolling_01,51
16,0,0.0,0.0,0,0,2.914621114730835,0.194308074315389,0.5947793494519029,1.0,0.0,4,4,0.0,5.4895642933258575,0.8666666666666667,0,twitter_scrolling_01,52
2118,0,0.0,0.0,0,0,2.6350059509277344,0.0012446886872592038,0.018905552664439516,1.0,0.0,7,7,0.0,803.793251113643,0.997638167217761,0,twitter_scrolling_01,53
128,0,0.0,0.0,0,0,2.616621971130371,0.020603322607325756,0.09247860639617365,1.0,0.0,5,5,0.0,48.91803302588049,0.952755905511811,0,twitter_scrolling_01,54
627,0,0.0,0.0,0,0,2.991895914077759,0.004779386444213672,0.044157583280171,1.0,0.0,8,8,0.0,209.56611393122964,0.9904153354632588,0,twitter_scrolling_01,55
1638,0,0.0,0.0,0,0,2.9623758792877197,0.0018096370673718507,0.02144592599253467,1.0,0.0,8,8,0.0,552.9345588628828,0.996334758704948,0,twitter_scrolling_01,56
3792,0,0.0,0.0,0,0,2.9918599128723145,0.0007892007156086295,0.012961555819198533,1.0,0.0,6,6,0.0,1267.439021354284,0.9981535214982854,0,twitter_scrolling_01,57
862,0,0.0,0.0,0,0,2.943171977996826,0.0034183182090555472,0.04616219250842388,1.0,0.0,4,4,0.0,292.8812880947216,0.9941927990708479,0,twitter_scrolling_01,58
3331,0,0.0,0.0,0,0,2.9334399700164795,0.0008809129039088527,0.010141858415754539,1.0,0.0,6,7,0.0,1135.5269015378171,0.9981981981981982,0,twitter_scrolling_01,59
5128,0,0.0,0.0,0,0,2.995779037475586,0.0005843142261508848,0.007713169870111992,1.0,0.0,9,9,0.0,1711.7417325682154,0.9982445874780573,0,twitter_scrolling_01,60
4858,0,0.0,0.0,0,0,2.954166889190674,0.0006082287192074684,0.012029077961975292,1.0,0.0,7,7,0.0,1644.456857794822,0.9993823347745522,0,twitter_scrolling_01,61
4030,0,0.0,0.0,0,0,2.9785358905792236,0.0007392742344450791,0.014055354727171959,1.0,0.0,8,8,0.0,1353.0137450236675,0.998758997269794,0,twitter_scrolling_01,62
3630,0,0.0,0.0,0,0,2.3041059970855713,0.0006349148517733732,0.01033946212856967,1.0,0.0,6,6,0.0,1575.4483537612991,0.9986222099751998,0,twitter_scrolling_01,63
1647,0,0.0,0.0,0,0,2.2843780517578125,0.0013878359974227293,0.016642191789042794,1.0,0.0,5,5,0.0,720.9839889385407,0.9963547995139733,0,twitter_scrolling_01,64
821,0,0.0,0.0,0,0,2.8846211433410645,0.003517830662611054,0.03985285511300324,1.0,0.0,9,9,0.0,284.6127651442957,0.9951219512195122,0,twitter_scrolling_01,65
739,0,0.0,0.0,0,0,2.0726749897003174,0.0028085026960708906,0.028879570462178282,1.0,0.0,5,5,0.0,356.54408128254113,0.9932249322493225,0,twitter_scrolling_01,66
780,0,0.0,0.0,0,0,2.999626874923706,0.003850612162931587,0.03890946623598459,1.0,0.0,5,5,0.0,260.0323415290907,0.9922978177150192,0,twitter_scrolling_01,67
758,0,0.0,0.0,0,0,2.8100650310516357,0.003712107042340338,0.07346607433682899,1.0,0.0,4,4,0.0,269.74464705406723,0.9960369881109643,0,twitter_scrolling_01,68
3035,0,0.0,0.0,0,0,2.9782440662384033,0.0009816229618452219,0.02112017959909819,1.0,0.0,7,7,0.0,1019.0568444020375,0.997363216875412,0,twitter_scrolling_01,69
1427,0,0.0,0.0,0,0,2.839940071105957,0.0019915428268625223,0.026812689652064632,1.0,0.0,5,5,0.0,502.47539182905496,0.9957924263674615,0,twitter_scrolling_01,70
45,0,0.0,0.0,0,0,2.359626054763794,0.053627864880995316,0.20022800034733987,1.0,0.0,4,4,0.0,19.070818407497473,0.9090909090909091,0,twitter_scrolling_01,71
1543,0,0.0,0.0,0,0,2.7624850273132324,0.0017914948296454166,0.03841813435959396,1.0,0.0,5,5,0.0,558.5550635547544,0.9974059662775616,0,twitter_scrolling_01,72
1943,0,0.0,0.0,0,0,2.7790310382843018,0.001431014952772555,0.016466263240630098,1.0,0.0,8,8,0.0,699.1645552831088,0.9953656024716787,0,twitter_scrolling_01,73
180,0,0.0,0.0,0,0,2.9652609825134277,0.016565703812924177,0.08263741863938287,1.0,0.0,5,4,0.0,60.7029199323385,0.9664804469273743,0,twitter_scrolling_01,74
1434,0,0.0,0.0,0,0,2.806427001953125,0.0019584277752638696,0.026797170106071945,1.0,0.0,7,6,0.0,510.96999815139026,0.9958129797627355,0,twitter_scrolling_01,75
1525,0,0.0,0.0,0,0,2.9423298835754395,0.001930662653264724,0.016616430294732573,1.0,0.0,7,6,0.0,518.2967445332341,0.9954068241469817,0,twitter_scrolling_01,76
2812,0,0.0,0.0,0,0,2.9066169261932373,0.0010340152707909063,0.013992593649717153,1.0,0.0,7,6,0.0,967.44774815677,0.9967982924226254,0,twitter_scrolling_01,77
3101,0,0.0,0.0,0,0,2.9814929962158203,0.0009617719342631679,0.012325676285583642,1.0,0.0,6,5,0.0,1040.0829396332176,0.9980645161290322,0,twitter_scrolling_01,78
2724,0,0.0,0.0,0,0,2.8776650428771973,0.0010567995016074908,0.019202551816674535,1.0,0.0,8,8,0.0,946.6007889773172,0.9981637899375688,0,twitter_scrolling_01,79
3239,0,0.0,0.0,0,0,2.9833788871765137,0.0009213646964720549,0.012910945195013937,1.0,0.0,8,8,0.0,1085.6817462650235,0.9978381717109327,0,twitter_scrolling_01,80
2583,0,0.0,0.0,0,0,2.9557480812072754,0.0011447513869896496,0.015378968875181838,1.0,0.0,7,6,0.0,873.8904429720457,0.9976762199845082,0,twitter_scrolling_01,81
1741,0,0.0,0.0,0,0,2.907514810562134,0.0016709855233115712,0.023471500308251562,1.0,0.0,7,7,0.0,598.7931664786252,0.9971264367816092,0,twitter_scrolling_01,82
983,0,0.0,0.0,0,0,2.8825528621673584,0.002935389880007493,0.027220122905181478,1.0,0.0,7,7,0.0,341.017163258853,0.9938900203665988,0,twitter_scrolling_01,83
1783,0,0.0,0.0,0,0,2.72092604637146,0.0015268945265833108,0.025292047529061945,1.0,0.0,6,6,0.0,655.2916064652885,0.9966329966329966,0,twitter_scrolling_01,84
373,0,0.0,0.0,0,0,2.998189926147461,0.008059650339106078,0.04996227477577761,1.0,0.0,8,8,0.0,124.40839612828938,0.9811827956989247,0,twitter_scrolling_01,85
37,0,0.0,0.0,0,0,2.8209190368652344,0.0783588621351454,0.18363496386169453,1.0,0.0,4,4,0.0,13.116292781347068,0.8055555555555556,0,twitter_scrolling_01,86
1059,0,0.0,0.0,0,0,2.9952340126037598,0.002831034038377845,0.03121536431651375,1.0,0.0,5,5,0.0,353.56169018640725,0.9924385633270322,0,twitter_scrolling_01,87
1276,0,0.0,0.0,0,0,2.3966500759124756,0.001879725549735275,0.032134202781881414,1.0,0.0,4,4,0.0,532.4098051795021,0.9968627450980392,0,twitter_scrolling_01,88
3264,0,0.0,0.0,0,0,2.4731152057647705,0.0007579268175803771,0.010954246818820998,1.0,0.0,6,6,0.0,1319.7929447005529,0.9990806006742262,0,twitter_scrolling_01,89
55,0,0.0,0.0,0,0,2.381649971008301,0.04410462909274631,0.1046553409109479,1.0,0.0,5,5,0.0,23.09323396364373,0.8888888888888888,0,twitter_scrolling_01,90
108,0,0.0,0.0,0,0,2.98602294921875,0.027906756534754672,0.10056413746757586,1.0,0.0,4,4,0.0,36.16850969891462,0.9252336448598131,0,twitter_scrolling_01,91
1053,0,0.0,0.0,0,0,2.803286075592041,0.0026647206041749438,0.028967305459223516,1.0,0.0,6,6,0.0,375.6305891034012,0.9952471482889734,0,twitter_scrolling_01,92
2164,0,0.0,0.0,0,0,2.7409751415252686,0.0012672099590962868,0.015297446503912182,1.0,0.0,6,6,0.0,789.5000458835976,0.9967637540453075,0,twitter_scrolling_01,93
3111,0,0.0,0.0,0,0,2.776473045349121,0.0008927566062215823,0.011611282298213144,1.0,0.0,8,8,0.0,1120.4862965305015,0.9977491961414791,0,twitter_scrolling_01,94
47,0,0.0,0.0,0,0,2.895275831222534,0.06294077893962031,0.14859714648068392,1.0,0.0,5,5,0.0,16.23334104928931,0.8478260869565217,0,web_browsing_01,0
2336,0,0.0,0.0,0,0,2.7948031425476074,0.0011969178340674978,0.017778681325187735,1.0,0.0,7,7,0.0,835.8370449915178,0.9982869379014989,0,web_browsing_01,1
2606,0,0.0,0.0,0,0,2.9900920391082764,0.0011478280380454037,0.025689577736376947,1.0,0.0,7,7,0.0,871.5450781833382,0.9988483685220729,0,web_browsing_01,2
947,0,0.0,0.0,0,0,2.952415943145752,0.0031209470857777506,0.029731867834791936,1.0,0.0,10,9,0.0,320.75426302941133,0.9947145877378436,0,web_browsing_01,3
739,0,0.0,0.0,0,0,2.7562811374664307,0.0037347982892499063,0.026810596602204383,1.0,0.0,7,7,0.0,268.1148849276267,0.9905149051490515,0,web_browsing_01,4
294,0,0.0,0.0,0,0,2.8723111152648926,0.009803109608412602,0.0637047765388499,1.0,0.0,4,3,0.0,102.35660003456363,0.9795221843003413,0,web_browsing_01,5
517,0,0.0,0.0,0,0,2.751478910446167,0.005332323469856913,0.06040043329008098,1.0,0.0,4,3,0.0,187.89895064693252,0.9922480620155039,0,web_browsing_01,6
671,0,0.0,0.0,0,0,2.400393009185791,0.0035826761331131207,0.029506155845920354,1.0,0.0,5,4,0.0,279.53755798830707,0.9925373134328358,0,web_browsing_01,7
1065,0,0.0,0.0,0,0,2.9565160274505615,0.0027786804769272195,0.021721456694250768,1.0,0.0,6,6,0.0,360.221284143811,0.9924812030075187,0,web_browsing_01,8
1791,0,0.0,0.0,0,0,2.3886301517486572,0.0013344302523735515,0.015473298713815411,1.0,0.0,6,6,0.0,749.8021402303965,0.9966480446927374,0,web_browsing_01,9
456,0,0.0,0.0,0,0,2.8404641151428223,0.006242778275039169,0.07306344597876313,1.0,0.0,5,4,0.0,160.53714516899353,0.989010989010989,0,web_browsing_01,10
1645,0,0.0,0.0,0,0,2.946357011795044,0.0017921879633789805,0.014260726217372195,1.0,0.0,6,6,0.0,558.3165900855298,0.9981751824817519,0,web_browsing_01,11
130,0,0.0,0.0,0,0,2.9566991329193115,0.022920148317203966,0.10213832542698982,1.0,0.0,6,6,0.0,43.967950121338134,0.9612403100775194,0,web_browsing_01,12
196,0,0.0,0.0,0,0,2.927386999130249,0.015012241021180765,0.07903059002851931,1.0,0.0,7,7,0.0,66.95390806143268,0.9743589743589743,0,web_browsing_01,13
1838,0,0.0,0.0,0,0,2.971161127090454,0.0016173985449594197,0.016534684359364345,1.0,0.0,6,5,0.0,618.6133707934864,0.9961894393032118,0,web_browsing_01,14
1308,0,0.0,0.0,0,0,2.7166130542755127,0.0020785103705244935,0.019225762946302596,1.0,0.0,9,9,0.0,481.4818945014705,0.9969395562356542,0,web_browsing_01,15
435,0,0.0,0.0,0,0,2.995802879333496,0.006902771611367503,0.044207780471467735,1.0,0.0,6,6,0.0,145.20314504029668,0.9792626728110599,0,web_browsing_01,16
79,0,0.0,0.0,0,0,2.9345078468322754,0.03762189547220866,0.08143117805474151,1.0,0.0,10,10,0.0,26.921038935124482,0.8974358974358975,0,web_browsing_01,17
970,0,0.0,0.0,0,0,2.9273641109466553,0.003021015594372193,0.03019457731472123,1.0,0.0,7,6,0.0,331.35611534375204,0.9927760577915377,0,web_browsing_01,18
832,0,0.0,0.0,0,0,2.9870059490203857,0.003594471659470982,0.042533408616621485,1.0,0.0,5,4,0.0,278.53978672953815,0.9915764139590855,0,web_browsing_01,19
305,0,0.0,0.0,0,0,2.7009849548339844,0.008884818930374948,0.04863297168671926,1.0,0.0,5,5,0.0,112.92176931757355,0.9802631578947368,0,web_browsing_01,20
100,0,0.0,0.0,0,0,2.9393458366394043,0.02969036198625661,0.10691966886166658,1.0,0.0,7,6,0.0,34.021175308289486,0.9292929292929293,0,web_browsing_01,21
367,0,0.0,0.0,0,0,2.9758338928222656,0.008130693696235699,0.02879043822061855,1.0,0.0,4,4,0.0,123.32677602913483,0.994535519125683,0,web_browsing_01,22
158,0,0.0,0.0,0,0,2.6844871044158936,0.017098643977171295,0.019787490509982023,1.0,0.0,5,5,0.0,58.85668057041331,0.9936305732484076,0,web_browsing_01,23
399,0,0.0,0.0,0,0,2.99285888671875,0.007519745946529523,0.05727235183651696,1.0,0.0,5,4,0.0,133.31734475374734,0.9949748743718593,0,web_browsing_01,24
1015,0,0.0,0.0,0,0,2.9431281089782715,0.002902493204120583,0.014688822809028937,1.0,0.0,4,4,0.0,344.8711583106604,0.995069033530572,0,web_browsing_01,25
11,0,0.0,0.0,0,0,1.9951198101043701,0.19951198101043702,0.37088330693781685,1.0,0.0,5,5,0.0,5.513453349663528,0.7,0,web_browsing_01,26
94,0,0.0,0.0,0,0,2.8632850646972656,0.030788011448357695,0.09981019645538264,1.0,0.0,4,4,0.0,32.829424201931005,0.9139784946236559,0,web_browsing_01,27
117,0,0.0,0.0,0,0,1.953545093536377,0.01684090597876187,0.08059228300682164,1.0,0.0,5,5,0.0,59.891118145730864,0.9568965517241379,0,web_browsing_01,28
31,0,0.0,0.0,0,0,2.9978067874908447,0.09992689291636149,0.1764842013363669,1.0,0.0,7,7,0.0,10.340893258817026,0.7,0,web_browsing_01,29
2242,0,0.0,0.0,0,0,2.887826919555664,0.0012886331635679,0.027618038792412418,1.0,0.0,5,5,0.0,776.3623175674828,0.998661311914324,0,web_browsing_01,30
733,0,0.0,0.0,0,0,2.9886820316314697,0.004082898950316215,0.03481004929110246,1.0,0.0,9,9,0.0,245.25860972900753,0.994535519125683,0,web_browsing_01,31
47,0,0.0,0.0,0,0,2.4281768798828125,0.052786453910495926,0.15789582082778986,1.0,0.0,6,6,0.0,19.35608578987388,0.8913043478260869,0,web_browsing_01,32
1527,0,0.0,0.0,0,0,2.9981589317321777,0.00196471751751781,0.01937668831535238,1.0,0.0,6,6,0.0,509.31255973070785,0.9960681520314548,0,web_browsing_01,33
1776,0,0.0,0.0,0,0,2.3014140129089355,0.0012965712748782736,0.018125953800895513,1.0,0.0,6,7,0.0,771.6994812920149,0.9971830985915493,0,web_browsing_01,34
761,0,0.0,0.0,0,0,2.926833152770996,0.0038510962536460473,0.05709142566787404,1.0,0.0,3,3,0.0,260.00798825157455,0.9947368421052631,0,web_browsing_01,35
897,0,0.0,0.0,0,0,2.8881688117980957,0.0032234026917389463,0.030647325631092275,1.0,0.0,6,5,0.0,310.57741373557457,0.9910714285714286,0,web_browsing_01,36
97,0,0.0,0.0,0,0,2.94235897064209,0.030649572610855103,0.1256300340675903,1.0,0.0,4,4,0.0,32.96674571927993,0.9166666666666666,0,web_browsing_01,37
412,0,0.0,0.0,0,0,2.9993200302124023,0.007297615645285651,0.041856775219864,1.0,0.0,5,5,0.0,137.36446789601956,0.9805352798053528,0,web_browsing_01,38
836,0,0.0,0.0,0,0,2.9970600605010986,0.003589293485630058,0.03025565008922568,1.0,0.0,6,6,0.0,278.9400222630919,0.9928143712574851,0,web_browsing_01,39
2429,0,0.0,0.0,0,0,2.9415700435638428,0.0012115197872997704,0.0207873337951982,1.0,0.0,6,6,0.0,825.7495024858081,0.9975288303130149,0,web_browsing_01,40
1462,0,0.0,0.0,0,0,2.9572761058807373,0.002024145178563133,0.03087956940393156,1.0,0.0,6,6,0.0,494.3738587995613,0.9945242984257358,0,web_browsing_01,41
3293,0,0.0,0.0,0,0,2.2423250675201416,0.000681143702162862,0.012046461594047047,1.0,0.0,6,6,0.0,1468.5649497027803,0.9984811664641555,0,web_browsing_01,42
2076,0,0.0,0.0,0,0,2.9423329830169678,0.0014179917990443218,0.018634086031630078,1.0,0.0,6,6,0.0,705.5625627631515,0.9971084337349397,0,web_browsing_01,43
1098,0,0.0,0.0,0,0,2.1510109901428223,0.0019608122061466017,0.02381415733890133,1.0,0.0,5,5,0.0,510.45764295564817,0.9972652689152234,0,web_browsing_01,44
2051,0,0.0,0.0,0,0,2.679551839828491,0.0013070984584529226,0.02225791444362585,1.0,0.0,8,8,0.0,765.4265051021656,0.9975609756097561,0,web_browsing_01,45
1185,0,0.0,0.0,0,0,2.9840009212493896,0.0025202710483525253,0.018366919152822677,1.0,0.0,8,8,0.0,397.11783986442106,0.9940878378378378,0,web_browsing_01,46
1730,0,0.0,0.0,0,0,2.99713397026062,0.0017334493755122153,0.023530569576334367,1.0,0.0,4,4,0.0,577.218108087963,0.9965297860034702,0,web_browsing_01,47
4111,0,0.0,0.0,0,0,2.939937114715576,0.0007153131665974638,0.015252304376352567,1.0,0.0,3,3,0.0,1398.3292293643901,0.9985401459854014,0,web_browsing_01,48
1921,0,0.0,0.0,0,0,2.856610059738159,0.0014878177394469579,0.02360562875235601,1.0,0.0,5,5,0.0,672.4754026022304,0.9963541666666667,0,web_browsing_01,49
2294,0,0.0,0.0,0,0,2.8176469802856445,0.0012288037419475118,0.011917693436246457,1.0,0.0,7,7,0.0,814.1545112111387,0.9973833406018316,0,web_browsing_01,50
3206,0,0.0,0.0,0,0,2.9603757858276367,0.0009236741921459085,0.014960401532862308,1.0,0.0,5,5,0.0,1082.970619928812,0.9981279251170047,0,web_browsing_01,51
407,0,0.0,0.0,0,0,2.807413101196289,0.00691481059407953,0.04690199063675654,1.0,0.0,4,4,0.0,144.973320750897,0.9827586206896551,0,web_browsing_01,52
1963,0,0.0,0.0,0,0,2.660100221633911,0.0013558105105167743,0.024777816313973935,1.0,0.0,5,5,0.0,737.9421211409351,0.9979612640163099,0,web_browsing_01,53
3773,0,0.0,0.0,0,0,2.829166889190674,0.0007500442442181001,0.010344387470288787,1.0,0.0,6,6,0.0,1333.6081425296632,0.999204665959703,0,web_browsing_01,54
2228,0,0.0,0.0,0,0,2.930453062057495,0.0013158747472193511,0.013380425151030764,1.0,0.0,3,3,0.0,760.2919933601335,0.9955096542433768,0,web_browsing_01,55
251,0,0.0,0.0,0,0,2.8955419063568115,0.011582167625427246,0.062049081389729054,1.0,0.0,5,5,0.0,86.68498267939411,0.96,0,web_browsing_01,56
679,0,0.0,0.0,0,0,2.886810064315796,0.0042578319532681356,0.026375375420640307,1.0,0.0,8,8,0.0,235.20771539257123,0.9852507374631269,0,web_browsing_01,57
3800,0,0.0,0.0,0,0,2.66512393951416,0.0007015330190876968,0.01549596737339082,1.0,0.0,5,5,0.0,1425.8248720292995,0.9986838641747828,0,web_browsing_01,58
609,0,0.0,0.0,0,0,2.8976669311523438,0.004765899557816355,0.029119828449288343,1.0,0.0,8,8,0.0,210.16908239271413,0.9819078947368421,0,web_browsing_01,59
772,0,0.0,0.0,0,0,2.3499059677124023,0.003047867662402597,0.030342502120763108,1.0,0.0,4,4,0.0,328.5237837629436,0.9909208819714657,0,web_browsing_01,60
984,0,0.0,0.0,0,0,2.9893429279327393,0.0030410406184463268,0.026533968143902555,1.0,0.0,4,4,0.0,329.1693270803423,0.9898270600203459,0,web_browsing_01,61
557,0,0.0,0.0,0,0,2.791085958480835,0.005019938774246106,0.04441896745304831,1.0,0.0,6,6,0.0,199.56390031898928,0.9892086330935251,0,web_browsing_01,62
1888,0,0.0,0.0,0,0,2.3084769248962402,0.0012233582007929202,0.01310900123622796,1.0,0.0,7,7,0.0,817.8552618995143,0.9973502914679385,0,web_browsing_01,63
188,0,0.0,0.0,0,0,2.941895008087158,0.015732058866776248,0.06120227955580191,1.0,0.0,10,10,0.0,63.90438798230226,0.9518716577540107,0,web_browsing_01,64
523,0,0.0,0.0,0,0,2.9359560012817383,0.005624436784064633,0.03243415577190791,1.0,0.0,8,8,0.0,178.13618452445337,0.9885057471264368,0,web_browsing_01,65
1504,0,0.0,0.0,0,0,2.803882122039795,0.0018655237006252794,0.016756433398880926,1.0,0.0,3,3,0.0,536.3991546498594,0.9946773120425815,0,web_browsing_01,66
648,0,0.0,0.0,0,0,2.9978511333465576,0.004633463884616009,0.023404021022630863,1.0,0.0,4,4,0.0,216.15482930155554,0.9891808346213292,0,web_browsing_01,67
1770,0,0.0,0.0,0,0,2.9587209224700928,0.0016725386786150891,0.006895116859226152,1.0,0.0,5,5,0.0,598.2314812315292,0.9994347088750707,0,web_browsing_01,68
1212,0,0.0,0.0,0,0,2.999528169631958,0.002476901874179982,0.018065937247920424,1.0,0.0,6,6,0.0,404.06354981780765,0.9958711808422791,0,web_browsing_01,69
844,0,0.0,0.0,0,0,2.2099690437316895,0.002621552839539371,0.034813955205158065,1.0,0.0,4,4,0.0,381.90580198121063,0.9988137603795967,0,web_browsing_01,70
790,0,0.0,0.0,0,0,2.9984121322631836,0.00380026886218401,0.017238853133647557,1.0,0.0,5,5,0.0,263.47278664581467,0.9936628643852978,0,web_browsing_01,71
2951,0,0.0,0.0,0,0,2.943608045578003,0.0009978332357891534,0.005391489977015229,1.0,0.0,5,5,0.0,1002.511188414878,0.9989830508474576,0,web_browsing_01,72
967,0,0.0,0.0,0,0,2.97918701171875,0.003084044525588768,0.03413844784757594,1.0,0.0,9,9,0.0,324.5851959599271,0.9937888198757764,0,web_browsing_01,73
1112,0,0.0,0.0,0,0,2.961099147796631,0.002665255758592827,0.01782716209709555,1.0,0.0,6,6,0.0,375.53622641357515,0.9954995499549955,0,web_browsing_01,74
256,0,0.0,0.0,0,0,2.967360019683838,0.011636705959544462,0.03650010311009623,1.0,0.0,7,7,0.0,86.27197182068791,0.9725490196078431,0,web_browsing_01,75
153,0,0.0,0.0,0,0,2.826817035675049,0.018597480497862164,0.047573572544509765,1.0,0.0,4,4,0.0,54.124479253204775,0.9539473684210527,0,web_browsing_01,76
452,0,0.0,0.0,0,0,2.686147928237915,0.005955982102523094,0.029570524107046,1.0,0.0,7,7,0.0,168.27070290820032,0.9866962305986696,0,web_browsing_01,77
309,0,0.0,0.0,0,0,2.9392800331115723,0.009543116990621988,0.042839630743224624,1.0,0.0,5,5,0.0,105.12778521238322,0.9772727272727273,0,web_browsing_01,78
465,0,0.0,0.0,0,0,2.2855048179626465,0.004925656935264324,0.022652540823265167,1.0,0.0,5,5,0.0,203.4561451568114,0.9827586206896551,0,web_browsing_01,79
475,0,0.0,0.0,0,0,2.9768412113189697,0.0062802557200822146,0.0531706335773921,1.0,0.0,8,8,0.0,159.56511156654489,0.989451476793249,0,web_browsing_01,80
266,0,0.0,0.0,0,0,2.5589640140533447,0.009656467977559792,0.06481054729247782,1.0,0.0,8,8,0.0,103.94831601350332,0.9849056603773585,0,web_browsing_01,81
1140,0,0.0,0.0,0,0,2.9371941089630127,0.002578748120248475,0.02520678132988784,1.0,0.0,6,7,0.0,388.12552310425315,0.9938542581211589,0,web_browsing_01,82
795,0,0.0,0.0,0,0,2.901331901550293,0.0036540704049751803,0.03378295858005658,1.0,0.0,4,4,0.0,274.0120837520178,0.9937027707808564,0,web_browsing_01,83
1298,0,0.0,0.0,0,0,2.7234530448913574,0.0020998095951359733,0.021702962609332205,1.0,0.0,6,6,0.0,476.60083673363977,0.9946029298380878,0,web_browsing_01,84
421,0,0.0,0.0,0,0,2.9942851066589355,0.0071292502539498466,0.026416628093516033,1.0,0.0,6,6,0.0,140.60117357019405,0.9809523809523809,0,web_browsing_01,85
410,0,0.0,0.0,0,0,2.9064781665802,0.007106303585770661,0.015507805832000815,1.0,0.0,3,3,0.0,141.06419401815472,0.9975550122249389,0,web_browsing_01,86
24,0,0.0,0.0,0,0,2.8979709148406982,0.12599873542785645,0.18754487766949704,1.0,0.0,3,3,0.0,8.281656616046225,0.6521739130434783,0,web_browsing_01,87
151,0,0.0,0.0,0,0,2.99524188041687,0.019968279202779136,0.022774963719265746,1.0,0.0,3,3,0.0,50.413290822103555,0.98,0,web_browsing_01,88
2489,0,0.0,0.0,0,0,2.9991180896759033,0.0012054333157861348,0.0028376435362754333,1.0,0.0,3,3,0.0,829.9106355858669,1.0,0,web_browsing_01,89
2533,0,0.0,0.0,0,0,2.9999849796295166,0.0011848281910069181,0.010640761179004993,1.0,0.0,4,4,0.0,844.3375607543252,0.9980252764612955,0,web_browsing_01,90
2536,0,0.0,0.0,0,0,2.999013900756836,0.0011830429588784363,0.016303242127577514,1.0,0.0,5,5,0.0,845.6112855495638,0.9968441814595661,0,web_browsing_01,91
1352,0,0.0,0.0,0,0,2.062530994415283,0.0015266698700335183,0.025315582292914415,1.0,0.0,3,3,0.0,655.5053008467808,0.997039230199852,0,web_browsing_01,92
374,0,0.0,0.0,0,0,2.6411750316619873,0.0070808982082090815,0.05872442489481131,1.0,0.0,5,5,0.0,141.60364062076437,0.9839142091152815,0,web_browsing_01,93
101,0,0.0,0.0,0,0,1.9607069492340088,0.019607069492340087,0.06898149107214727,1.0,0.0,5,5,0.0,51.512032453119915,0.95,0,web_browsing_01,94
